img,lat,lng,address,place
20240127_173909.jpg,35.204384,128.511667,경상남도 창원시 마산회원구,
20240323_150010.jpg,35.148521,128.65799,경상남도 창원시 진해구 송죽동,
20240323_160014.jpg,35.153431,128.641001,경상남도 창원시 진해구 도천동,
20240413_145336.jpg,35.241264,129.008362,부산광역시 북구 화명3동,
20240413_152403.jpg,35.229278,129.002778,부산광역시 북구 화명3동,
20240413_163208.jpg,35.225593,129.005704,부산광역시 북구 화명3동,
20240413_190532.jpg,35.102062,129.030695,부산광역시 중구 광복동,
20240420_202659.jpg,35.26002,128.636914,경상남도 창원시 의창구,
20240427_143907.jpg,35.390853,128.513332,경상남도 함안군 용성리,
20240427_144152.jpg,35.390826,128.513365,경상남도 함안군 용성리,
20240428_163815.jpg,35.183309,129.021939,부산광역시 사상구 모라3동,
20240428_165503.jpg,35.181636,129.021942,부산광역시 부산진구 부암3동,
20240428_170153.jpg,35.179863,129.019505,부산광역시 부산진구 부암3동,
20240511_211548.jpg,35.17505,129.043004,부산광역시 부산진구,
20240511_215928.jpg,35.174501,129.04424,부산광역시 부산진구,
20240515_164718.jpg,35.48784,129.065984,경상남도 양산시 하북면,
20240515_174131.jpg,35.488141,129.066222,경상남도 양산시 하북면,
20240515_204655.jpg,35.255057,128.423485,경상남도 함안군 함안면,
20240515_205352.jpg,35.255072,128.423498,경상남도 함안군 함안면,
20240519_161211.jpg,35.527583,129.281776,울산광역시 남구,
20240519_161719.jpg,35.527908,129.281307,울산광역시 남구,
20240609_152313.jpg,35.004869,128.825755,부산광역시 강서구,
20240609_164102.jpg,35.029056,128.82267,부산광역시 강서구,
20240609_180549.jpg,35.05279,128.831173,부산광역시 강서구,
20240615_191648.jpg,34.867674,128.685236,경상남도 거제시,
20240722_160704.jpg,34.979833,128.631036,경상남도 거제시 연구리,
20240722_190825.jpg,34.979808,128.630982,경상남도 거제시 대곡리,
20240722_221013.jpg,34.979764,128.630915,경상남도 거제시 연구리,
20240810_193459.jpg,35.09952,128.815189,경상남도 창원시 진해구,
20240817_171722.jpg,35.228326,128.876713,경상남도 김해시 주촌면,
20240830_184027.jpg,35.263261,128.622566,경상남도 창원시 의창구,
20240830_184832.jpg,35.263249,128.622549,경상남도 창원시 의창구,
20240916_095710.jpg,35.811362,127.153485,전북특별자치도 전주시 완산구,
20240916_100037.jpg,35.81127,127.154377,전북특별자치도 전주시 완산구,
20240916_110929.jpg,35.8136,127.149054,전북특별자치도 전주시 완산구,
20240916_120512.jpg,35.818241,127.149202,전북특별자치도 전주시 완산구,
20240916_145525.jpg,35.758936,127.411835,전북특별자치도 진안군 단양리,
20240916_155604.jpg,35.758171,127.396036,전북특별자치도 진안군 동촌리,
20240922_185439.jpg,35.172749,129.197806,부산광역시 해운대구,
20240928_204956.jpg,35.209913,129.007303,부산광역시 북구 덕천2동,
20241003_160522.jpg,35.014724,128.420657,경상남도 고성군 외곡리,
20241003_161949.jpg,35.014561,128.420556,경상남도 고성군 외곡리,
20241006_132241.jpg,34.846545,128.423402,경상남도 통영시 화삼리,
20241006_144747.jpg,34.845417,128.423077,경상남도 통영시,
20241012_194115.jpg,35.169789,129.067302,부산광역시 부산진구 양정1동,
20241027_140033.jpg,34.826619,128.415121,경상남도 통영시 남평리,
20241027_164334.jpg,34.825903,128.440153,경상남도 통영시 영운리,
20241027_164504.jpg,34.825898,128.440145,경상남도 통영시 영운리,
20241027_190842.jpg,34.82591,128.440008,경상남도 통영시 영운리,
20241103_143649.jpg,35.582749,128.986927,경상남도 밀양시 삼양리,
20241103_154238.jpg,35.551493,128.977012,경상남도 울산광역시 울주군,
20241103_162127.jpg,35.5386,128.985964,경상남도 밀양시,
20241109_173520.jpg,35.048088,128.970375,부산광역시 사하구 다대1동,
20241109_200820.jpg,35.154638,129.12226,부산광역시 수영구,
20241228_184401.jpg,36.359755,129.389623,경상북도 영덕군 강구면,
20241228_191045.jpg,36.359827,129.389706,경상북도 영덕군 강구면,
20241229_102207.jpg,36.360147,129.390499,경상북도 영덕군 강구면,
20241229_113303.jpg,36.363286,129.393805,경상북도 영덕군 강구면,
20241229_115252.jpg,36.363281,129.393817,경상북도 영덕군 강구면,
20241229_165600.jpg,36.661592,129.431726,경상북도 울진군 후포면,
20241230_120553.jpg,36.612541,129.408412,경상북도 영덕군 병곡면,
20250215_143059.jpg,35.226507,128.886931,경상남도 김해시 주촌면,
20250222_160757.jpg,35.372639,128.913987,경상남도 양산시 원동면,
20250315_190550.jpg,35.207219,128.578481,경상남도 창원시 마산합포구 오동동,
20250330_211706.jpg,35.185553,128.78595,경상남도 김해시 장유,
20250330_211739.jpg,35.185553,128.78595,경상남도 김해시 장유,
20250419_173327.jpg,35.102048,129.033972,부산광역시 중구 동광동,
20250419_173952.jpg,35.102048,129.033972,부산광역시 중구 동광동,
20250419_192900.jpg,35.102877,129.034273,부산광역시 중구 동광동,
20250419_210959.jpg,35.096812,129.030753,부산광역시 중구 남포동,
20250420_145024.jpg,35.099618,129.030974,부산광역시 중구 광복동,
20250427_130136.jpg,35.154034,128.696171,경상남도 창원시 진해구,
20250503_125654.jpg,35.199994,127.603682,전라남도 구례군 토지면,
20250503_131233.jpg,35.200009,127.603674,전라남도 구례군 토지면,
20250503_143958.jpg,35.233435,127.649742,경상남도 하동군 화개면,
20250503_165642.jpg,35.154571,127.687153,경상남도 하동군 악양면,
20250503_170036.jpg,35.154547,127.687308,경상남도 하동군 악양면,
20250504_110855.jpg,35.070589,127.75105,경상남도 하동군 읍내리,
20250504_113524.jpg,35.161033,127.709434,경상남도 하동군 악양면,
20250504_113721.jpg,35.160691,127.709415,경상남도 하동군 악양면,
20250504_130450.jpg,35.146468,127.687396,경상남도 하동군 악양면,
20250504_132340.jpg,35.145181,127.690403,경상남도 하동군 악양면,
20250504_163257.jpg,34.983663,127.889013,경상남도 하동군 중평리,
20250504_165350.jpg,34.991996,127.870808,경상남도 하동군 고룡리,
20250517_171731.jpg,35.393159,128.513551,경상남도 함안군 용성리,
20250525_181250.jpg,35.219985,128.679651,경상남도 창원시 성산구,
20250531_173830.jpg,34.80404,128.399655,경상남도 통영시 신전리,
20250705_173231.jpg,35.322253,128.335331,경상남도 함안군 강주리,
20250705_184225.jpg,35.273069,128.394092,경상남도 함안군 가야읍,
20250804_142250.jpg,37.730829,128.595844,강원특별자치도 평창군 진부면,
20250804_164316.jpg,37.368187,128.39053,강원특별자치도 평창군 평창읍,
20250804_174246.jpg,37.526137,128.448947,강원특별자치도 평창군 대화면,
20250804_191437.jpg,37.396761,128.507211,강원특별자치도 평창군 미탄면,
20250805_102805.jpg,37.408569,128.508867,강원특별자치도 평창군 미탄면,
20250805_111507.jpg,37.406091,128.511511,강원특별자치도 평창군 미탄면,
20250805_140738.jpg,37.691267,128.753781,강원특별자치도 평창군 대관령면,
20250805_150525.jpg,37.671824,128.627584,강원특별자치도 평창군 대관령면,
20250805_155411.jpg,37.612029,128.378298,강원특별자치도 평창군 봉평면,
20250809_185704.jpg,35.207051,128.57807,경상남도 창원시 마산합포구 오동동,
20251025_162213.jpg,36.116676,128.017618,경상북도 김천시 대항면,
20251025_171357.jpg,36.116749,128.010462,경상북도 김천시 대항면,
20251025_171437.jpg,36.116749,128.010462,경상북도 김천시 대항면,
20251109_090654.jpg,35.167252,128.974106,부산광역시 사상구 구포2동,
20251109_105432.jpg,35.167524,128.97395,부산광역시 사상구 구포2동,
20251115_194157.jpg,35.092857,128.79912,경상남도 창원시 진해구,
20251115_194550.jpg,35.092855,128.799154,경상남도 창원시 진해구,
20251122_201941.jpg,35.209871,129.076073,부산광역시 동래구 온천2동,
20251122_212008.jpg,35.21393,129.056104,부산광역시 동래구 온천2동,
20251130_154954.jpg,35.227268,128.680251,경상남도 창원시 성산구,
20251225_133256.jpg,35.170065,128.949121,부산광역시 강서구,
20251225_143626.jpg,35.169655,128.949906,부산광역시 강서구,
20251225_180514.jpg,33.23331,126.369207,제주특별자치도 서귀포시,
20251225_194952.jpg,33.258385,126.407127,제주특별자치도 서귀포시,
20251226_125349.jpg,33.257485,126.417073,제주특별자치도 서귀포시,
20251226_134301.jpg,33.258005,126.416679,제주특별자치도 서귀포시,
20251226_151656.jpg,33.290311,126.368859,제주특별자치도 서귀포시 안덕면,
20251226_152836.jpg,33.290694,126.369567,제주특별자치도 서귀포시 안덕면,
20251226_170037.jpg,33.253162,126.370806,제주특별자치도 서귀포시 안덕면,
20251226_182811.jpg,33.218209,126.250104,제주특별자치도 서귀포시 대정읍,
20251227_135637.jpg,33.290105,126.456064,제주특별자치도 서귀포시,
20251227_173622.jpg,33.485542,126.407962,제주특별자치도 제주시 애월읍,
20251227_174144.jpg,33.485331,126.408013,제주특별자치도 제주시 애월읍,
20251228_110006.jpg,33.238487,126.366182,제주특별자치도 서귀포시 안덕면,
20251228_111846.jpg,33.233229,126.31359,제주특별자치도 서귀포시 안덕면,
20251228_115730.jpg,33.234968,126.313937,제주특별자치도 서귀포시 안덕면,
20251228_123149.jpg,33.224841,126.300245,제주특별자치도 서귀포시 안덕면,
20251228_123326.jpg,33.22483,126.300227,제주특별자치도 서귀포시 안덕면,
20251228_140205.jpg,33.299869,126.168337,제주특별자치도 제주시 한경면,
20251228_142954.jpg,33.308177,126.163777,제주특별자치도 제주시 한경면,
